URL,Error
http://prdweb.chfs.ky.gov/kyfaces,
https://chfs.ky.gov/agencies/dail/Pages/adult-day-care.aspx,











File Not Found



https://chfs.ky.gov/agencies/dcbs/dpperform/Pages/default.aspx,











File Not Found



http://prdweb.chfs.ky.gov/ReportAbuse/home.aspx,
http://prdweb.chfs.ky.gov/kiccspublic/providersearchpublic.aspx,
http://prdweb.chfs.ky.gov/Office_Phone/index.aspx,
https://chfs.ky.gov/agencies/dfrcvs/kccvs/Pages/americorps.aspx,











File Not Found



http://prdweb.chfs.ky.gov/KACMR/Home.aspx,
http://prdweb.chfs.ky.gov/GenLogEX/Detail.aspx?TK=19,
https://chfs.ky.gov/agencies/dms/DMSNews,401 UNAUTHORIZED
https://chfs.ky.gov/dms/,











File Not Found



http://prd.chfs.ky.gov/Office_Phone/index.aspx,

    
        The resource cannot be found.
        
        
         body {font-family:"Verdana";font-weight:normal;font-size: .7em;color:black;} 
         p {font-family:"Verdana";font-weight:normal;color:black;margin-top: -5px}
         b {font-family:"Verdana";font-weight:bold;color:black;margin-top: -5px}
         H1 { font-family:"Verdana";font-weight:normal;font-size:18pt;color:red }
         H2 { font-family:"Verdana";font-weight:normal;font-size:14pt;color:maroon }
         pre {font-family:"Consolas","Lucida Console",Monospace;font-size:11pt;margin:0;padding:0.5em;line-height:14pt}
         .marker {font-weight: bold; color: black;text-decoration: none;}
         .version {color: gray;}
         .error {margin-bottom: 10px;}
         .expandable { text-decoration:underline; font-weight:bold; color:navy; cursor:hand; }
         @media screen and (max-width: 639px) {
          pre { width: 440px; overflow: auto; white-space: pre-wrap; word-wrap: break-word; }
         }
         @media screen and (max-width: 479px) {
          pre { width: 280px; }
         }
        
    

    

            Server Error in '/' Application.

             The resource cannot be found. 

            

             Description: HTTP 404. The resource you are looking for (or one of its dependencies) could have been removed, had its name changed, or is temporarily unavailable. &nbsp;Please review the following URL and make sure that it is spelled correctly.
            

             Requested URL: /Office_Phone/index.aspx

    


http://prdweb.chfs.ky.gov/ProviderDirectory/PDSearch.aspx,
http://prdweb.chfs.ky.gov/KYSLR/Login.aspx,
https://chfs.ky.gov/agencies/dms/dca/Pages/default2.aspx,











File Not Found



https://chfs.ky.gov/agencies/dph/dmch/ecdb/Pages/kymffp.aspx,











File Not Found



https://chfs.ky.gov/agencies/dph/dpqi/hcab/Pages/kpc.aspx,











File Not Found



https://chfs.ky.gov/agencies/dph/dehp/idb/Pages/arboviral.aspx,











File Not Found



https://chfs.ky.gov/agencies/dph/dphps/fsb/Pages/bedbreakfast.aspx,











File Not Found



http://prdweb.chfs.ky.gov/regsan/,
http://prdweb.chfs.ky.gov/GenLogEX/Detail.aspx?TK=69&amp;Item=0,
https://chfs.ky.gov/agencies/dph/dehp/idb/Pages/HepatitisBandC.aspx,











File Not Found



https://chfs.ky.gov/agencies/dph/dehp/idb/Pages/Hepatitis%20A%20Outbreak.aspx,











File Not Found



http://lhd.chfs.ky.gov/,
http://kennect.chfs.ky.gov/viewerportal/vmc/video.do?eventId=120,
http://kchild.chfs.ky.gov/KYChild/Default.aspx,
http://kog.chfs.ky.gov/home/,
http://kvets.chfs.ky.gov/Divorce/Details.aspx,
https://chfs.ky.gov/agencies/dms/Pages/medicaidinfo.aspx,











File Not Found



http://ekasper.chfs.ky.gov/accessrequest/accessrequest.aspx,
http://prdweb.chfs.ky.gov/GenLogEX/Detail.aspx?TK=49,
http://prdweb.chfs.ky.gov/Office_Phone/index.aspx#,
https://chfs.ky.gov/agencies/dcbs/Pages/reports.aspx,











File Not Found



https://chfs.ky.gov/agencies/dms/dpi/pe/Pages/providers.aspx,











File Not Found



https://chfs.ky.gov/agencies/dph/dmch/cfhib/Pages/oral-health.aspx,











File Not Found



https://chfs.ky.gov/dph/ephrs/newpgHAN.htm,











File Not Found



https://chfs.ky.gov/dph/epi/preparedness/podtraining.htm,











File Not Found



https://chfs.ky.gov/dph/epi/preparedness/mrc2009workshop.htm,











File Not Found



http://kyephrs.chfs.ky.gov/,
http://kyir.chfs.ky.gov/webiznet_kyir/Login.aspx,
https://chfs.ky.gov/agencies/dph/dehp/hab/Pages/TargetedPrevention.aspx,401 UNAUTHORIZED
https://chfs.ky.gov/dph/mch/hp/healthcareprofinfo.htm,











File Not Found



http://prdweb.chfs.ky.gov/KYRegSan_ePay/Default.aspx,
http://prdweb.chfs.ky.gov/rad_epay/Default.aspx,
https://chfs.ky.gov/dph/epi/preparedness/SNSEmergencyCommunicationGuide.htm,











File Not Found



https://chfs.ky.gov/dph/epi/preparedness/pictograms.htm,











File Not Found



https://chfs.ky.gov/dph/Local+Health+Department.htm,











File Not Found



http://prdweb.chfs.ky.gov/GenLogEX/Detail.aspx?TK=50&amp;Item=0,
https://chfs.ky.gov/dcbs/dpp/violenceprevention.htm,











File Not Found



https://chfs.ky.gov/dph/info/dwh,











File Not Found



https://chfs.ky.gov/dcbs/default.htm,











File Not Found



https://chfs.ky.gov/dail/alz.org/kyin,











File Not Found



https://chfs.ky.gov/agencies/dms/dca/hcbsb/Pages/hhs.aspx,











File Not Found



https://chfs.ky.gov/agencies/dms/dca/hcbsb/Pages/hospice.aspx,











File Not Found



https://chfs.ky.gov/chapter1,











File Not Found



https://chfs.ky.gov/chapter2,











File Not Found



https://chfs.ky.gov/chapter%203,











File Not Found



https://chfs.ky.gov/chapter5-8,











File Not Found



https://chfs.ky.gov/chapter6,











File Not Found



https://chfs.ky.gov/chapter9,











File Not Found



https://chfs.ky.gov/chapter10,











File Not Found



https://chfs.ky.gov/chapter11,











File Not Found



https://chfs.ky.gov/chapter%2012,











File Not Found



https://chfs.ky.gov/chapter13,











File Not Found



https://chfs.ky.gov/chapter19,











File Not Found



https://chfs.ky.gov/chapter20,











File Not Found



https://chfs.ky.gov/chapter23,











File Not Found



https://chfs.ky.gov/chapter24,











File Not Found



https://chfs.ky.gov/chapter%2025,











File Not Found



https://chfs.ky.gov/chapter26,











File Not Found



https://chfs.ky.gov/chapter27,











File Not Found



https://chfs.ky.gov/chapter31,











File Not Found



https://chfs.ky.gov/chapter38preventionservices/Pages/home.aspx,











File Not Found



https://chfs.ky.gov/chapter30/Pages/home.aspx,











File Not Found



https://chfs.ky.gov/chapter30/33/Pages/home.aspx,











File Not Found



https://chfs.ky.gov/chapter30/32/Pages/home.aspx,











File Not Found



https://chfs.ky.gov/chapter30/32/Pages/301ServiceAppeals.aspx,











File Not Found



https://chfs.ky.gov/chapter30/32/Pages/302CAPTAAppeals.aspx,











File Not Found



https://chfs.ky.gov/chapter30/32/Pages/303ServiceComplaints.aspx,











File Not Found



https://chfs.ky.gov/chapter30/32/Pages/304CitizensReviewPanels.aspx,











File Not Found



https://chfs.ky.gov/chapter30/32/Pages/305Citizen'sFosterCareReviewBoardandInterestedPartyReview.aspx,











File Not Found



https://chfs.ky.gov/chapter30/32/Pages/306CQICaseReviewSystem.aspx,











File Not Found



https://chfs.ky.gov/chapter30/32/Pages/306through307-NotYetUtilized.aspx,











File Not Found



https://chfs.ky.gov/chapter30/33/Pages/308CaseandRecordManagement.aspx,











File Not Found



https://chfs.ky.gov/chapter30/33/Pages/309CaseTransfer.aspx,











File Not Found



https://chfs.ky.gov/chapter30/33/Pages/3011CPSOpenRecordsRequestandDisclosureofInformation.aspx,











File Not Found



https://chfs.ky.gov/chapter30/33/Pages/3012APSOpenRecordsandConfidentiality.aspx,











File Not Found



https://chfs.ky.gov/chapter30/33/Pages/3014ArchivingClosedCaseFileRecords.aspx,











File Not Found



https://chfs.ky.gov/chapter30/33/Pages/30-14-Expungement-of-Records-or-Partial--Records.aspx,











File Not Found



https://chfs.ky.gov/chapter30/33/Pages/3015through3018-NotYetUtilized.aspx,











File Not Found



https://chfs.ky.gov/chapter30/34/Pages/home.aspx,











File Not Found



https://chfs.ky.gov/chapter30/34/Pages/3019ChildCareAssistance-Introduction.aspx,











File Not Found



https://chfs.ky.gov/chapter30/34/Pages/30191PreventiveChildCareAssistance.aspx,











File Not Found



https://chfs.ky.gov/chapter30/34/Pages/30192ProtectiveChildCareAssistance.aspx,











File Not Found



https://chfs.ky.gov/chapter30/34/Pages/30193RedeterminationofPreventiveandProtectiveChildCareAssistance.aspx,











File Not Found



https://chfs.ky.gov/chapter30/34/Pages/30194ChildCareAssistanceforaKinshipCareProvider.aspx,











File Not Found



https://chfs.ky.gov/chapter30/34/Pages/30195ClosureofaChildCareFacilityorHomethatProvidesPreventiveProtectiveChildCareAssistance.aspx,











File Not Found



https://chfs.ky.gov/chapter30/34/Pages/3020DrugTesting.aspx,











File Not Found



https://chfs.ky.gov/chapter30/34/Pages/3021KASPERReports.aspx,











File Not Found



https://chfs.ky.gov/chapter30/34/Pages/3022FamilyPreservation.aspx,











File Not Found



https://chfs.ky.gov/chapter30/34/Pages/3023GrantServicesandEligibility-SocialServicesBlockGrant(SSBG).aspx,











File Not Found



https://chfs.ky.gov/chapter30/34/Pages/3024RegionalInteragencyCouncil(RIAC).aspx,











File Not Found



https://chfs.ky.gov/chapter30/34/Pages/3025SafetyNet.aspx,











File Not Found



https://chfs.ky.gov/chapter30/34/Pages/3026CommunityActionAgencies.aspx,











File Not Found



https://chfs.ky.gov/chapter30/34/Pages/3027MedicalSupportSection.aspx,











File Not Found



https://chfs.ky.gov/chapter30/34/Pages/3028CommissionforChildrenWithSpecialHealthCareNeeds.aspx,











File Not Found



https://chfs.ky.gov/chapter30/34/Pages/3029CourtAppointedSpecialAdvocates(CASA).aspx,











File Not Found



https://chfs.ky.gov/chapter30/34/Pages/3030StudentInternsandVolunteerPrograms.aspx,











File Not Found



https://chfs.ky.gov/Resources/Pages/home.aspx,











File Not Found



https://chfs.ky.gov/Resources/Pages/formsBrowser.aspx,











File Not Found



https://chfs.ky.gov/Resources/Pages/relatedResources.aspx,











File Not Found



https://chfs.ky.gov/Resources/Pages/LinkstootherResources.aspx,











File Not Found



https://chfs.ky.gov/chapter4/Pages/home.aspx,











File Not Found



https://chfs.ky.gov/chapter4/09/Pages/home.aspx,











File Not Found



https://chfs.ky.gov/chapter4/09/Pages/41NativeAmericanChildMaintainingCulturalConnections.aspx,











File Not Found



https://chfs.ky.gov/chapter4/09/Pages/42ConsiderationofRaceorEthnicity.aspx,











File Not Found



https://chfs.ky.gov/chapter4/09/Pages/43RelativeandAbsentParentSearch.aspx,











File Not Found



https://chfs.ky.gov/chapter4/09/Pages/451KinshipCareRegionalLogs.aspx,











File Not Found



https://chfs.ky.gov/chapter4/09/Pages/453InitialDeterminationofEligibilityforKinshipCare.aspx,











File Not Found



https://chfs.ky.gov/chapter4/09/Pages/452GeneralGuidelinesforConsideration.aspx,











File Not Found



https://chfs.ky.gov/chapter4/09/Pages/455RelativeandFictiveKinPlacementFosterCarePayments.aspx,











File Not Found



https://chfs.ky.gov/chapter4/09/Pages/456PermanencyfortheChild.aspx,











File Not Found



https://chfs.ky.gov/chapter4/09/Pages/457Start-UpCosts.aspx,











File Not Found



https://chfs.ky.gov/chapter4/09/Pages/458DiscontinuanceofKinshipCare.aspx,











File Not Found



https://chfs.ky.gov/chapter4/09/Pages/459RedeterminationandReapplication.aspx,











File Not Found



https://chfs.ky.gov/chapter4/09/Pages/4510ServiceAppealsforKinshipCareProviders.aspx,











File Not Found



https://chfs.ky.gov/chapter4/09/Pages/46through49-NotYetUtilized.aspx,











File Not Found



https://chfs.ky.gov/chapter4/10/Pages/home.aspx,











File Not Found



https://chfs.ky.gov/chapter4/10/Pages/49InitialPlacementConsiderations.aspx,











File Not Found



https://chfs.ky.gov/chapter4/10/Pages/410PlacementinaDCBSResourceHome.aspx,











File Not Found



https://chfs.ky.gov/chapter4/10/Pages/4101DCBSCarePlus.aspx,











File Not Found



https://chfs.ky.gov/chapter4/10/Pages/4102DCBSMedicallyFragilePlacement.aspx,











File Not Found



https://chfs.ky.gov/chapter4/10/Pages/4104RelativeFosterHome.aspx,











File Not Found



https://chfs.ky.gov/chapter4/10/Pages/411PrivateChildPlacing(PCP)orChildCaring(PCC)Agency.aspx,











File Not Found



https://chfs.ky.gov/chapter4/10/Pages/4111LevelofCareAssignment.aspx,











File Not Found



https://chfs.ky.gov/chapter4/10/Pages/4112RequestforEmergencyLOCAssignment.aspx,











File Not Found



https://chfs.ky.gov/chapter4/10/Pages/4113ReviewsofLOCAssignment.aspx,











File Not Found



https://chfs.ky.gov/chapter4/10/Pages/4114ChangeinLOCAssignment.aspx,











File Not Found



https://chfs.ky.gov/chapter4/10/Pages/412OutofStatePlacement.aspx,











File Not Found



https://chfs.ky.gov/chapter4/10/Pages/412through413-NotYetUtilized.aspx,











File Not Found



https://chfs.ky.gov/chapter4/11/Pages/home.aspx,











File Not Found



https://chfs.ky.gov/chapter4/11/Pages/415TimeframesforAllOOHCCases.aspx,











File Not Found



https://chfs.ky.gov/chapter4/11/Pages/414FamilyAttachmentandInvolvement.aspx,











File Not Found



https://chfs.ky.gov/chapter4/11/Pages/420ParticipantsandNotificationforAllOOHCCases.aspx,











File Not Found



https://chfs.ky.gov/chapter4/11/Pages/416FiveDayConference.aspx,











File Not Found



https://chfs.ky.gov/chapter4/11/Pages/418OngoingCasePlanning.aspx,











File Not Found



https://chfs.ky.gov/chapter4/11/Pages/417VisitationAgreement.aspx,











File Not Found



https://chfs.ky.gov/chapter4/11/Pages/418DistributionofCasePlanforAllOOHCCases.aspx,











File Not Found



https://chfs.ky.gov/chapter4/11/Pages/421SafeInfantsAct.aspx,











File Not Found



https://chfs.ky.gov/chapter4/11/Pages/422through423-NotYetUtilized.aspx,











File Not Found



https://chfs.ky.gov/chapter4/12/Pages/home.aspx,











File Not Found



https://chfs.ky.gov/chapter4/12/Pages/224SSW'sOngoingContactwiththeBirthFamilyandChild,IncludingtheMedicallyFragileChild.aspx,











File Not Found



https://chfs.ky.gov/chapter4/12/Pages/425OngoingContactBetweenParentsandChildreninOutofHomeCare.aspx,











File Not Found



https://chfs.ky.gov/chapter4/12/Pages/426MeetingBasicHealthCareNeeds.aspx,











File Not Found



https://chfs.ky.gov/chapter4/12/Pages/4261MedicalPassport.aspx,











File Not Found



https://chfs.ky.gov/chapter4/12/Pages/4262AuthorizationforMedicalServices.aspx,











File Not Found



https://chfs.ky.gov/chapter4/12/Pages/4263ImmunizationsIncludingHumanPapillomavirusVaccine.aspx,











File Not Found



https://chfs.ky.gov/chapter4/12/Pages/4264PassportHealthPlan.aspx,











File Not Found



https://chfs.ky.gov/chapter4/12/Pages/4265EarlyPeriodicScreening,DiagnosisandTreatment(EPSDT).aspx,











File Not Found



https://chfs.ky.gov/chapter4/12/Pages/427MeetingMedicallyFragileHealthCareNeeds.aspx,











File Not Found



https://chfs.ky.gov/chapter4/12/Pages/4271IndividualHealthPlanfortheMedicallyFragileChild.aspx,











File Not Found



https://chfs.ky.gov/chapter4/12/Pages/4272ExtraordinaryMedicalCareMedicalExpensesofaMedicallyFragileChild.aspx,











File Not Found



https://chfs.ky.gov/chapter4/12/Pages/4273SeriousInjuryofaChildinFosterCare.aspx,











File Not Found



https://chfs.ky.gov/chapter4/12/Pages/4274LifeSupportSystems.aspx,











File Not Found



https://chfs.ky.gov/chapter4/12/Pages/4275EndingUseofLifeSupportSystems.aspx,











File Not Found



https://chfs.ky.gov/chapter4/12/Pages/428MeetingEducationalNeeds.aspx,











File Not Found



https://chfs.ky.gov/chapter4/12/Pages/4281EducationalAssessment.aspx,











File Not Found



https://chfs.ky.gov/chapter4/12/Pages/4282ProvidingEducationalServicesUndertheIndividualswithDisabilitiesAct(IDEA).aspx,











File Not Found



https://chfs.ky.gov/chapter4/12/Pages/4283EducationalPassport.aspx,











File Not Found



https://chfs.ky.gov/chapter4/12/Pages/4284HigherEducationAssistance.aspx,











File Not Found



https://chfs.ky.gov/chapter4/12/Pages/4285EducationalTrainingVoucherforAgedOutYouth.aspx,











File Not Found



https://chfs.ky.gov/chapter4/12/Pages/429IndependentLiving.aspx,











File Not Found



https://chfs.ky.gov/chapter4/12/Pages/4291IndependentLivingServices.aspx,











File Not Found



https://chfs.ky.gov/chapter4/12/Pages/4292TransitionPlanningforOOHCYouth.aspx,











File Not Found



https://chfs.ky.gov/chapter4/12/Pages/430NormalcyforChildrenandYouthinOutofHomeCare.aspx,











File Not Found



https://chfs.ky.gov/chapter4/12/Pages/430through433-NotYetUtilized.aspx,











File Not Found



https://chfs.ky.gov/chapter4/13/Pages/home.aspx,











File Not Found



https://chfs.ky.gov/chapter4/13/Pages/434AssessingFamilyProgressandCollateralContacts.aspx,











File Not Found



https://chfs.ky.gov/chapter4/13/Pages/436Reunification,IncludingExtendedVisitation,CasePlanningandTransitionalSupportstoFamilies.aspx,











File Not Found



https://chfs.ky.gov/chapter4/13/Pages/437CaseClosureandAftercarePlanning.aspx,











File Not Found



https://chfs.ky.gov/chapter4/13/Pages/437WorkingwithIncarceratedParents.aspx,











File Not Found



https://chfs.ky.gov/chapter4/13/Pages/438through444-NotYetUtilized.aspx,











File Not Found



https://chfs.ky.gov/chapter4/15/Pages/home.aspx,











File Not Found



https://chfs.ky.gov/chapter4/15/Pages/445MovementfromaHomePlacement.aspx,











File Not Found



https://chfs.ky.gov/chapter4/15/Pages/446MovementfromaDCBSResourceHome.aspx,











File Not Found



https://chfs.ky.gov/chapter4/15/Pages/447MovementfromOnePCCPlacementtoAnother.aspx,











File Not Found



https://chfs.ky.gov/chapter4/15/Pages/448DischargefromaPCPorPCCPlacement.aspx,











File Not Found



https://chfs.ky.gov/chapter4/15/Pages/449DischargePlanningPriortoLeavingaHospitalorTreatmentFacility.aspx,











File Not Found



https://chfs.ky.gov/chapter4/15/Pages/450DischargePlanningPriortoPlacementChangesAgainstMedicalAdvice.aspx,











File Not Found



https://chfs.ky.gov/chapter4/15/Pages/451OutofStatePlacement.aspx,











File Not Found



https://chfs.ky.gov/chapter4/15/Pages/452PersonalCareHomeFamilyCareHome.aspx,











File Not Found



https://chfs.ky.gov/chapter4/15/Pages/453BedHold-PrivateResidentialorFosterCarePlacement.aspx,











File Not Found



https://chfs.ky.gov/chapter4/15/Pages/454TransportationandOutofStateTravelwithaChildintheCustodyoftheCabinet.aspx,











File Not Found



https://chfs.ky.gov/chapter4/15/Pages/455SexEducation.aspx,











File Not Found



https://chfs.ky.gov/chapter4/15/Pages/4551PregnantYouth.aspx,











File Not Found



https://chfs.ky.gov/chapter4/15/Pages/4552FamilyPlanningforPregnantYouth.aspx,











File Not Found



https://chfs.ky.gov/chapter4/15/Pages/456UseofTobaccoProducts.aspx,











File Not Found



https://chfs.ky.gov/chapter4/15/Pages/457Photography,VideotapingorAudioTapingofaChildinOOHC.aspx,











File Not Found



https://chfs.ky.gov/chapter4/15/Pages/458MailtoChildinOOHC.aspx,











File Not Found



https://chfs.ky.gov/chapter4/15/Pages/459ChangeofSurnameforaYouthinOOHC.aspx,











File Not Found



https://chfs.ky.gov/chapter4/15/Pages/460%20State%20I.D.%20and%20Driver'sLicenseforYouthinOOHC.aspx,











File Not Found



https://chfs.ky.gov/chapter4/15/Pages/461EmploymentforaYouthinOOHC.aspx,











File Not Found



https://chfs.ky.gov/chapter4/15/Pages/462HouseholdWorkandOperationofMachinery.aspx,











File Not Found



https://chfs.ky.gov/chapter4/15/Pages/463AthleticProgramParticipation.aspx,











File Not Found



https://chfs.ky.gov/chapter4/15/Pages/464CensusCountforaYouthinOOHC.aspx,











File Not Found



https://chfs.ky.gov/chapter4/15/Pages/465CreditReportsforYouthinFosterCare.aspx,











File Not Found



https://chfs.ky.gov/chapter4/15/Pages/466CriticalSituations.aspx,











File Not Found



https://chfs.ky.gov/chapter4/15/Pages/467LocatingMissingChildren-IncludingRunaways.aspx,











File Not Found



https://chfs.ky.gov/chapter4/09/Pages/454BackgroundChecksforKinshipCareProvidersorRelativeCaregivers.aspx,











File Not Found



https://chfs.ky.gov/_layouts/15/viewlsts.aspx?BaseType=1,401 UNAUTHORIZED
https://chfs.ky.gov/Pages/sectionPrint.aspx,











File Not Found



https://chfs.ky.gov/Resources/Pages/pptl.aspx,











File Not Found



https://chfs.ky.gov/Resources/Pages/ppm.aspx,











File Not Found



https://chfs.ky.gov/Resources/Pages/ppim.aspx,











File Not Found



https://chfs.ky.gov/Resources/Pages/CCTDocuments.aspx,











File Not Found



https://chfs.ky.gov/Resources/Pages/clarifications.aspx,











File Not Found



https://chfs.ky.gov/Resources/Pages/didYouKnow.aspx,











File Not Found



https://chfs.ky.gov/Resources/Pages/defList.aspx,











File Not Found



https://chfs.ky.gov/chapter1/Pages/home.aspx,











File Not Found



https://chfs.ky.gov/chapter1/00/Pages/home.aspx,











File Not Found



https://chfs.ky.gov/chapter1/00/Pages/11%20Ethical%20Practice.aspx,











File Not Found



https://chfs.ky.gov/chapter1/00/Pages/12%20ReasonableEfforts.aspx,











File Not Found



https://chfs.ky.gov/chapter1/00/Pages/13%20Safety.aspx,











File Not Found



https://chfs.ky.gov/chapter1/00/Pages/14%20Documentation.aspx,











File Not Found



https://chfs.ky.gov/chapter1/00/Pages/15%20Supervision%20and%20Consultation.aspx,











File Not Found



https://chfs.ky.gov/chapter1/00/Pages/16EngagingtheFamily.aspx,











File Not Found



https://chfs.ky.gov/chapter1/00/Pages/17FamilyTeamMeetings(FTM).aspx,











File Not Found



https://chfs.ky.gov/chapter1/00/Pages/18PreventionPlanning.aspx,











File Not Found



https://chfs.ky.gov/chapter1/00/Pages/19WorkingWithServiceProviders.aspx,











File Not Found



https://chfs.ky.gov/chapter1/00/Pages/110TargetedCaseManagementTCMContactswithaFamily.aspx,











File Not Found



https://chfs.ky.gov/chapter1/00/Pages/111CQICaseReviewSystem.aspx,











File Not Found



https://chfs.ky.gov/chapter1/00/Pages/112-NotYetUtilized.aspx,











File Not Found



https://chfs.ky.gov/chapter1/00/Pages/113DebriefingofProtectionandPermanencyStaff-ReactionandEmotionalResponsestoTrauma.aspx,











File Not Found



https://chfs.ky.gov/chapter1/00/Pages/16LimitedEnglishProficiency(LEP).aspx,











File Not Found



https://chfs.ky.gov/chapter1/00/Pages/Access-to-Interpreters-and-Effective-Communication-for-Those-Who-are-Deaf-or-Hard-of-Hearing1205-9312.aspx,











File Not Found



https://chfs.ky.gov/chapter1/00/Pages/115-Plan%20of%20Safe%20Care%20and%20Working%20with%20Families%20Affected%20by%20Substance%20Misuse.aspx,











File Not Found



https://chfs.ky.gov/chapter1/01/Pages/home.aspx,











File Not Found



https://chfs.ky.gov/chapter1/01/Pages/116ConfidentialityandSafeguardsRegardingClient,DPPOffice,ProgramandFacilityInformation.aspx,











File Not Found



https://chfs.ky.gov/chapter1/01/Pages/117InformedConsentandReleaseofInformation.aspx,











File Not Found



https://chfs.ky.gov/chapter1/01/Pages/118HIVAIDS.aspx,











File Not Found



https://chfs.ky.gov/chapter2/Pages/home.aspx,











File Not Found



https://chfs.ky.gov/chapter2/02/Pages/home.aspx,











File Not Found



https://chfs.ky.gov/chapter2/02/Pages/21ReceivingtheReport.aspx,











File Not Found



https://chfs.ky.gov/chapter2/02/Pages/22ReceivingaSpecializedInvestigationReport.aspx,











File Not Found



https://chfs.ky.gov/chapter2/02/Pages/23AcceptanceCriteria.aspx,











File Not Found



https://chfs.ky.gov/chapter2/02/Pages/24CourtRequestedActivity.aspx,











File Not Found



https://chfs.ky.gov/chapter2/02/Pages/25CriteriaforReportsthatareNotAccepted.aspx,











File Not Found



https://chfs.ky.gov/chapter2/02/Pages/26CompletingtheIntake.aspx,











File Not Found



https://chfs.ky.gov/chapter2/02/Pages/27through29-NotYetUtilized.aspx,











File Not Found



https://chfs.ky.gov/chapter2/03/Pages/home.aspx,











File Not Found



https://chfs.ky.gov/chapter2/03/Pages/210InitiatingtheReport.aspx,











File Not Found



https://chfs.ky.gov/chapter2/03/Pages/211InvestigationProtocol.aspx,











File Not Found



https://chfs.ky.gov/chapter2/03/Pages/212CompletingtheContinuousQualityAssessment(CQA)andMakingaFinding.aspx,











File Not Found



https://chfs.ky.gov/chapter2/03/Pages/213CaseDisposition-DeterminationWhethertoOpenaCase.aspx,











File Not Found



https://chfs.ky.gov/chapter2/03/Pages/214ChildFatalityorNearFatality.aspx,











File Not Found



https://chfs.ky.gov/chapter2/03/Pages/2142NotificationandFuneralPreparationRegardingaChildFatality.aspx,











File Not Found



https://chfs.ky.gov/chapter2/03/Pages/215SpecializedInvestigations.aspx,











File Not Found



https://chfs.ky.gov/chapter2/03/Pages/2151InvestigationsofFosterorAdoptiveHomes(DCBSorPrivateChildPlacing(PCP)Agencies).aspx,











File Not Found



https://chfs.ky.gov/chapter2/03/Pages/2152InvestigationsofLicensedPrivateChileCaringFacilities.aspx,











File Not Found



https://chfs.ky.gov/chapter2/03/Pages/2153InvestigationsofLiscensedChildCareCenters.aspx,











File Not Found



https://chfs.ky.gov/chapter2/03/Pages/2154InvestigationsofRegistered(Subsidized)FamilyChildCareProviders.aspx,











File Not Found



https://chfs.ky.gov/chapter2/03/Pages/2155InvestigationsofSchoolPersonnel.aspx,











File Not Found



https://chfs.ky.gov/chapter2/03/Pages/2156InvestigationsofSupportsforCommunityLiving(SCL)andCommunityMentalHealth-MentalRetardatonCenter(CMHC).aspx,











File Not Found



https://chfs.ky.gov/chapter2/03/Pages/2157InvestigationsofPsychiatricResidentialTreatmentFacilities(PRTF),CrisisStabilizationUnitsorPsychiatricHospitals.aspx,











File Not Found



https://chfs.ky.gov/chapter2/03/Pages/2158InvestigationsInvolvingDCBSEmployees.aspx,











File Not Found



https://chfs.ky.gov/chapter2/03/Pages/2159InvestigationsofHumanTrafficking.aspx,











File Not Found



https://chfs.ky.gov/chapter2/03/Pages/216through222-NotYetUtilized.aspx,











File Not Found



https://chfs.ky.gov/chapter2/04/Pages/home.aspx,











File Not Found



https://chfs.ky.gov/chapter2/04/Pages/223PediatricForensiceMedicineConsult.aspx,











File Not Found



https://chfs.ky.gov/chapter2/04/Pages/224ChildEmotionalAbuseInvestigationsandEmotionalInjuryEvaluations.aspx,











File Not Found



https://chfs.ky.gov/chapter2/04/Pages/225StaffingwithFSOSandHighRiskProtocol.aspx,











File Not Found



https://chfs.ky.gov/chapter2/04/Pages/226UtilizationReviewifRemovalofaChildfromHome.aspx,











File Not Found



https://chfs.ky.gov/chapter2/04/Pages/227through229-NotYetUtilized.aspx,











File Not Found



https://chfs.ky.gov/chapter%203/Pages/home.aspx,











File Not Found



https://chfs.ky.gov/chapter%203/06/Pages/home.aspx,











File Not Found



https://chfs.ky.gov/chapter%203/06/Pages/31EngagingtheFamilyandOpeningtheCase.aspx,











File Not Found



https://chfs.ky.gov/chapter%203/06/Pages/32TimeframesforAllInHomeServicesCases.aspx,











File Not Found



https://chfs.ky.gov/chapter%203/06/Pages/33ToolsforCasePlanning(PreventionPlansandGenograms).aspx,











File Not Found



https://chfs.ky.gov/chapter%203/06/Pages/34PreparationfortheInitialCasePlanningConference.aspx,











File Not Found



https://chfs.ky.gov/chapter%203/06/Pages/35ParticipantsandNotificationforAllInHomeCases.aspx,











File Not Found



https://chfs.ky.gov/chapter%203/06/Pages/36NegotiatingObjectivesandTasks.aspx,











File Not Found



https://chfs.ky.gov/chapter%203/06/Pages/37through39-NotYetUtilized.aspx,











File Not Found



https://chfs.ky.gov/chapter%203/07/Pages/home.aspx,











File Not Found



https://chfs.ky.gov/chapter%203/07/Pages/311OnsiteProvisionofServices.aspx,











File Not Found



https://chfs.ky.gov/chapter%203/07/Pages/312WorkingwithIncarceratedParents.aspx,











File Not Found



https://chfs.ky.gov/chapter%203/07/Pages/313OngoingAssessment(CQA).aspx,











File Not Found



https://chfs.ky.gov/chapter%203/07/Pages/314OngoingCasePlanning.aspx,











File Not Found



https://chfs.ky.gov/chapter%203/07/Pages/315through317-NotYetUtilized.aspx,











File Not Found



https://chfs.ky.gov/chapter%203/08/Pages/home.aspx,











File Not Found



https://chfs.ky.gov/chapter%203/08/Pages/318CaseClosure.aspx,











File Not Found



https://chfs.ky.gov/chapter%203/08/Pages/319AftercarePlanning.aspx,











File Not Found



https://chfs.ky.gov/chapter4/12/Pages/224SSW'sOngoingContactwiththeBirthFamilyandChild,IncludingtheMedicallyFragileChild.aspx,











File Not Found



https://chfs.ky.gov/chapter4/12/Pages/4265EarlyPeriodicScreening,DiagnosisandTreatment(EPSDT).aspx,











File Not Found



https://chfs.ky.gov/chapter4/13/Pages/436Reunification,IncludingExtendedVisitation,CasePlanningandTransitionalSupportstoFamilies.aspx,











File Not Found



https://chfs.ky.gov/chapter4/15/Pages/457Photography,VideotapingorAudioTapingofaChildinOOHC.aspx,











File Not Found



https://chfs.ky.gov/chapter5-8/Pages/home.aspx,











File Not Found



https://chfs.ky.gov/chapter5-8/Pages/5-1-Relative-and-Fictive-Kin-Evaluation-and-Placement-Consideration.aspx,











File Not Found



https://chfs.ky.gov/chapter5-8/Pages/5-2-Ongoing-Services-and-Permanency-for-the-Child-Placed-through-Relative-or-Fictive-Kin-Placement-.aspx,











File Not Found



https://chfs.ky.gov/chapter6/Pages/home.aspx,











File Not Found



https://chfs.ky.gov/chapter6/Pages/6-1-Family-Preservation.aspx,











File Not Found



https://chfs.ky.gov/chapter6/Pages/6-2-Ky-Stengthening-Ties-and-Empowering-Parents-(KSTEP).aspx,











File Not Found



https://chfs.ky.gov/chapter6/Pages/6-3-Sobriety-Treatment-and-Recovery-Team-(START).aspx,











File Not Found



https://chfs.ky.gov/chapter6/Pages/Community-Collaboration-for-Children-(CCC).aspx,











File Not Found



https://chfs.ky.gov/chapter9/Pages/home.aspx,











File Not Found



https://chfs.ky.gov/chapter9/16/Pages/home.aspx,











File Not Found



https://chfs.ky.gov/chapter9/16/Pages/91IntroductiontoStatusOffenderServices.aspx,











File Not Found



https://chfs.ky.gov/chapter9/16/Pages/92CompliancewithInterstateCompactonJuveniles.aspx,











File Not Found



https://chfs.ky.gov/chapter9/16/Pages/93CoordinationofEffortswiththeDepartmentofJuvenileJustice.aspx,











File Not Found



https://chfs.ky.gov/chapter9/16/Pages/94DetentionofStatusOffenders.aspx,











File Not Found



https://chfs.ky.gov/chapter9/16/Pages/95DiversionOptionsforStatusOffenders.aspx,











File Not Found



https://chfs.ky.gov/chapter9/16/Pages/96-NotYetUtilized.aspx,











File Not Found



https://chfs.ky.gov/chapter9/17/Pages/home.aspx,











File Not Found



https://chfs.ky.gov/chapter9/17/Pages/97IntakeandInvestigation,IncludingInterviews.aspx,











File Not Found



https://chfs.ky.gov/chapter9/17/Pages/98DispositionalReportforStatusOffenders.aspx,











File Not Found



https://chfs.ky.gov/chapter9/17/Pages/99Assessment.aspx,











File Not Found



https://chfs.ky.gov/chapter9/17/Pages/910InHomeCasePlanning.aspx,











File Not Found



https://chfs.ky.gov/chapter9/17/Pages/911InHomeServiceProvision.aspx,











File Not Found



https://chfs.ky.gov/chapter9/17/Pages/912CasePlanningforStatusOffenders.aspx,











File Not Found



https://chfs.ky.gov/chapter9/17/Pages/913PlacementforStatusOffenders.aspx,











File Not Found



https://chfs.ky.gov/chapter9/17/Pages/914through917-NotYetUtilized.aspx,











File Not Found



https://chfs.ky.gov/chapter9/18/Pages/home.aspx,











File Not Found



https://chfs.ky.gov/chapter9/18/Pages/918OngoingServices.aspx,











File Not Found



https://chfs.ky.gov/chapter9/18/Pages/919CaseClosureandAftercarePlanning.aspx,











File Not Found



https://chfs.ky.gov/chapter10/Pages/home.aspx,











File Not Found



https://chfs.ky.gov/chapter10/19/Pages/home.aspx,











File Not Found



https://chfs.ky.gov/chapter10/19/Pages/101IntroductiontoICPCHomeEvaluations.aspx,











File Not Found



https://chfs.ky.gov/chapter10/19/Pages/102PriorityPlacementRequestforaKentuckyChild(Regulation7).aspx,











File Not Found



https://chfs.ky.gov/chapter10/19/Pages/102RequesttoAnotherStateforInterstateParentalorRelativeHomeEvaluation.aspx,











File Not Found



https://chfs.ky.gov/chapter10/19/Pages/103RequesttoAnotherStateforInterstateHomeEvaluation-CourtJurisdictionOnlyCases.aspx,











File Not Found



https://chfs.ky.gov/chapter10/19/Pages/104RequesttoAnotherStateforInterstateFosterCareorAdoptiveHomeStudy.aspx,











File Not Found



https://chfs.ky.gov/chapter10/19/Pages/105RequestfromAnotherStateforInterstateParentalorRelativeHomeStudy.aspx,











File Not Found



https://chfs.ky.gov/chapter10/19/Pages/106RequestfromAnotherStateforInterstateFosterCareorAdoptiveHomeStudy.aspx,











File Not Found



https://chfs.ky.gov/chapter10/19/Pages/108ApprovedInterstateParental,Relative,FosterCareorAdoptiveHomeStudyFromAnotherState.aspx,











File Not Found



https://chfs.ky.gov/chapter10/19/Pages/109DeniedInterstateParental,Relative,FosterCareorAdoptiveHomeStudytoAnotherState.aspx,











File Not Found



https://chfs.ky.gov/chapter10/19/Pages/1010FinancialandMedicalResponsibilityforKentuckyChildrenPlacedOutofState.aspx,











File Not Found



https://chfs.ky.gov/chapter10/19/Pages/1010through1012-NotYetUtilized.aspx,











File Not Found



https://chfs.ky.gov/chapter10/20/Pages/home.aspx,











File Not Found



https://chfs.ky.gov/chapter10/20/Pages/1013IntroductiontoCompliancewithInterstateCompactonJuveniles.aspx,











File Not Found



https://chfs.ky.gov/chapter10/20/Pages/1014StatusOffenderReferralsandReturnofRunaways.aspx,











File Not Found



https://chfs.ky.gov/chapter10/20/Pages/1018Travel.aspx,











File Not Found



https://chfs.ky.gov/chapter10/21/Pages/home.aspx,











File Not Found



https://chfs.ky.gov/chapter10/21/Pages/1023IntroductiontoMakingAdoptiveInterstatePlacements.aspx,











File Not Found



https://chfs.ky.gov/chapter10/21/Pages/1024RequirementsforOutofStateAdoptiveFamilies.aspx,











File Not Found



https://chfs.ky.gov/chapter10/21/Pages/1025ObtaininganOutofStateHomeStudy.aspx,











File Not Found



https://chfs.ky.gov/chapter10/21/Pages/1026RequestforICPCApprovalofOutofStateVisitationandPlacement.aspx,











File Not Found



https://chfs.ky.gov/chapter10/21/Pages/1027TravelExpensesfortheOutofStateFamily.aspx,











File Not Found



https://chfs.ky.gov/chapter10/21/Pages/1028OutofStateTravelforDCBSStaff.aspx,











File Not Found



https://chfs.ky.gov/chapter10/21/Pages/1029ServicesRequiredAfterOutofStatePlacement.aspx,











File Not Found



https://chfs.ky.gov/chapter10/21/Pages/1030SSW'sResponsibilityfortheChildAfterOutofStatePlacement.aspx,











File Not Found



https://chfs.ky.gov/chapter10/21/Pages/1031OutofStatePetitionsforFinalizationofAdoption.aspx,











File Not Found



https://chfs.ky.gov/chapter10/21/Pages/1032KentuckyFamiliesAdoptingThroughOutofStateorOutofCountryAdoptionAgencies.aspx,











File Not Found



https://chfs.ky.gov/chapter10/35/Pages/home.aspx,











File Not Found



https://chfs.ky.gov/chapter10/35/Pages/1035ChildProtectiveServices(CPS)ReferralsandCPSAlerts.aspx,











File Not Found



https://chfs.ky.gov/chapter10/35/Pages/1036ChildProtectiveServices(CPS)RecordsRequests.aspx,











File Not Found



https://chfs.ky.gov/chapter10/35/Pages/1037CustodyInvestigations.aspx,











File Not Found



https://chfs.ky.gov/chapter10/35/Pages/1038OUtofStateTravelforDCBSStaff.aspx,











File Not Found



https://chfs.ky.gov/chapter11/Pages/home.aspx,











File Not Found



https://chfs.ky.gov/chapter11/35/Pages/home.aspx,











File Not Found



https://chfs.ky.gov/chapter11/35/Pages/111PreparationforCourt.aspx,











File Not Found



https://chfs.ky.gov/chapter11/35/Pages/112SubpoenasandConfidentiality.aspx,











File Not Found



https://chfs.ky.gov/chapter11/35/Pages/113Attorney-ClientPrivilegedInformation.aspx,











File Not Found



https://chfs.ky.gov/chapter11/35/Pages/114RegionalAttorneyandOfficeofLegalServices.aspx,











File Not Found



https://chfs.ky.gov/chapter11/35/Pages/115AppointmentofGuardianAdLitem.aspx,











File Not Found



https://chfs.ky.gov/chapter11/35/Pages/116OverviewofNotificationstotheCourt.aspx,











File Not Found



https://chfs.ky.gov/chapter11/35/Pages/117MotiontoRedocket.aspx,











File Not Found



https://chfs.ky.gov/chapter11/35/Pages/118JudicialDeterminationofReasonableEffortsandAggravatedCircumstances.aspx,











File Not Found



https://chfs.ky.gov/chapter11/35/Pages/119EducationalAssessmentofaChildinPlacement.aspx,











File Not Found



https://chfs.ky.gov/chapter11/35/Pages/1110through1112-NotYetUtilized.aspx,











File Not Found



https://chfs.ky.gov/chapter11/36/Pages/home.aspx,











File Not Found



https://chfs.ky.gov/chapter11/36/Pages/1113HowtoFileaPetition.aspx,











File Not Found



https://chfs.ky.gov/chapter11/36/Pages/1114WhentoFileaPetition.aspx,











File Not Found



https://chfs.ky.gov/chapter11/36/Pages/1115TemporaryRemovalHearing.aspx,











File Not Found



https://chfs.ky.gov/chapter11/36/Pages/1116TemporaryCustody.aspx,











File Not Found



https://chfs.ky.gov/chapter11/36/Pages/1117ExpirationofTemporaryCustodyOrdertotheCabinet.aspx,











File Not Found



https://chfs.ky.gov/chapter11/36/Pages/1118VoluntaryCommitment.aspx,











File Not Found



https://chfs.ky.gov/chapter11/36/Pages/1119ReleasefromVoluntaryCommitment.aspx,











File Not Found



https://chfs.ky.gov/chapter11/36/Pages/1120EmergencyCustodyOrder(ECO).aspx,











File Not Found



https://chfs.ky.gov/chapter11/36/Pages/1121MedicalConsentforChildinEmergencyorTemporaryCustody.aspx,











File Not Found



https://chfs.ky.gov/chapter11/36/Pages/1122Non-CustodialParentandFinancialSupport.aspx,











File Not Found



https://chfs.ky.gov/chapter11/36/Pages/1123ProceduresWHentheCourtOrdersSpecificPlacement.aspx,











File Not Found



https://chfs.ky.gov/chapter11/36/Pages/1124CompletingandFilingSubpoenas.aspx,











File Not Found



https://chfs.ky.gov/chapter11/36/Pages/1125AdjudicationHearing.aspx,











File Not Found



https://chfs.ky.gov/chapter11/36/Pages/1126AdmissionsandAgreements.aspx,











File Not Found



https://chfs.ky.gov/chapter11/36/Pages/1127DispositionalReports.aspx,











File Not Found



https://chfs.ky.gov/chapter11/36/Pages/1128DispositionalHearing.aspx,











File Not Found



https://chfs.ky.gov/chapter11/36/Pages/1129DispositionalAlternatives.aspx,











File Not Found



https://chfs.ky.gov/chapter11/36/Pages/1130PermanencyHearings.aspx,











File Not Found



https://chfs.ky.gov/chapter11/36/Pages/1131DeterminingWhohasLegalRighttotheChild.aspx,











File Not Found



https://chfs.ky.gov/chapter11/36/Pages/1132through1134-NotYetUtilized.aspx,











File Not Found



https://chfs.ky.gov/chapter11/37/Pages/home.aspx,











File Not Found



https://chfs.ky.gov/chapter11/37/Pages/1135VoluntaryTerminationofParentalRights(TPR).aspx,











File Not Found



https://chfs.ky.gov/chapter11/37/Pages/11351VoluntaryTPRPetitionDrafting.aspx,











File Not Found



https://chfs.ky.gov/chapter11/37/Pages/11352VoluntaryTPRHearingandOrderofJudgment.aspx,











File Not Found



https://chfs.ky.gov/chapter11/37/Pages/1136InvoluntaryTerminationofParentalRights(TPR).aspx,











File Not Found



https://chfs.ky.gov/chapter11/37/Pages/11361Pre-PermanencyPlanningConference.aspx,











File Not Found



https://chfs.ky.gov/chapter11/37/Pages/11362InitiatingtheRequestforInvoluntaryTPR.aspx,











File Not Found



https://chfs.ky.gov/chapter11/37/Pages/11364AttorneysInvolvedintheTPRAction.aspx,











File Not Found



https://chfs.ky.gov/chapter11/37/Pages/11365NoticetoOLSofFilingtheInvoluntaryTPRPetition.aspx,











File Not Found



https://chfs.ky.gov/chapter11/37/Pages/11366WitnessConferenceandTPRSubpoenas.aspx,











File Not Found



https://chfs.ky.gov/chapter11/37/Pages/11367InvoluntaryTPRHearing.aspx,











File Not Found



https://chfs.ky.gov/chapter11/37/Pages/1137AppearanceWaiverandConsenttoAdopt.aspx,











File Not Found



https://chfs.ky.gov/chapter11/37/Pages/1138ServicestotheFamilyDuringanAppeal.aspx,











File Not Found



https://chfs.ky.gov/chapter11/37/Pages/1139through1141-NotYetUtilized.aspx,











File Not Found



https://chfs.ky.gov/chapter11/38/Pages/home.aspx,











File Not Found



https://chfs.ky.gov/chapter11/38/Pages/1142ReturnofaCommittedChildtoCare.aspx,











File Not Found



https://chfs.ky.gov/chapter11/38/Pages/1143ReleasefromCustodyCommitment.aspx,











File Not Found



https://chfs.ky.gov/chapter11/38/Pages/11431ReleaseofCommitmentofaChildCommittedasDependent,NeglectedorAbused.aspx,











File Not Found



https://chfs.ky.gov/chapter11/38/Pages/11432ReleaseofCommitmentofStatusOffenders.aspx,











File Not Found



https://chfs.ky.gov/chapter11/38/Pages/11433DischargeInvolvingInterstateCompact.aspx,











File Not Found



https://chfs.ky.gov/chapter11/38/Pages/11434DisabledYouth.aspx,











File Not Found



https://chfs.ky.gov/chapter11/38/Pages/1144CourtOrderedorRequestedChildCustodyInvestigations.aspx,











File Not Found



https://chfs.ky.gov/chapter%2012/Pages/home.aspx,











File Not Found



https://chfs.ky.gov/chapter%2012/22/Pages/home.aspx,











File Not Found



https://chfs.ky.gov/chapter%2012/22/Pages/121IntroductiontoRecruitmentandCertificationofDCBS%20Foster%20and%20Adoptive%20Homes.aspx,











File Not Found



https://chfs.ky.gov/chapter%2012/22/Pages/122DiligentRecruitmentofResourceHomeParents.aspx,











File Not Found



https://chfs.ky.gov/chapter%2012/22/Pages/1221RegionBudgetforRecruitment.aspx,











File Not Found



https://chfs.ky.gov/chapter%2012/22/Pages/1222PrintingofRecruitmentMaterial.aspx,











File Not Found



https://chfs.ky.gov/chapter%2012/22/Pages/1223RecruitmentBonus.aspx,











File Not Found



https://chfs.ky.gov/chapter%2012/22/Pages/123BackgroundChecksforResourceParents.aspx,











File Not Found



https://chfs.ky.gov/chapter%2012/22/Pages/12-3-0-Foster-and-Adoptive-Inquiry.aspx,











File Not Found



https://chfs.ky.gov/chapter%2012/22/Pages/1231ResourceRespiteHomeParentApplicants-EmployeeorFormerEmployees.aspx,











File Not Found



https://chfs.ky.gov/chapter%2012/22/Pages/124BackgroundChecksforResourceParents.aspx,











File Not Found



https://chfs.ky.gov/chapter%2012/22/Pages/1241ChildAbuseNeglectCentralRegistryandFingerprintChecks.aspx,











File Not Found



https://chfs.ky.gov/chapter%2012/22/Pages/1242ChildAbuseNeglectCentralRegistryRequestsfromAnotherState.aspx,











File Not Found



https://chfs.ky.gov/chapter%2012/22/Pages/125Pre-ServiceFamilyPreparationTraining.aspx,











File Not Found



https://chfs.ky.gov/chapter%2012/22/Pages/126ResourceHomeParentsApprovedbyOtherStatesorLicensedChildPlacingAgencies.aspx,











File Not Found



https://chfs.ky.gov/chapter%2012/22/Pages/127ApprovalandDenial.aspx,











File Not Found



https://chfs.ky.gov/chapter%2012/22/Pages/128nonsafetystandardwaiverprocess.aspx,











File Not Found



https://chfs.ky.gov/chapter%2012/22/Pages/12-9-Foster-Adoptive-Home-Case-Management-.aspx,











File Not Found



https://chfs.ky.gov/chapter%2012/23/Pages/home.aspx,











File Not Found



https://chfs.ky.gov/chapter%2012/23/Pages/1210RightsResponsibilitiesofDCBSResourceHomeParents.aspx,











File Not Found



https://chfs.ky.gov/chapter%2012/23/Pages/1211NumberofChildreninResourceHome.aspx,











File Not Found



https://chfs.ky.gov/chapter%2012/23/Pages/12111PlacementExceptionRequests.aspx,











File Not Found



https://chfs.ky.gov/chapter%2012/23/Pages/1212RespiteCare.aspx,











File Not Found



https://chfs.ky.gov/chapter%2012/23/Pages/1213HomeEnvironmentPrerequisites.aspx,











File Not Found



https://chfs.ky.gov/chapter%2012/23/Pages/1214ResourceHomeAdoption.aspx,











File Not Found



https://chfs.ky.gov/chapter%2012/23/Pages/1215OngoingTraining.aspx,











File Not Found



https://chfs.ky.gov/chapter%2012/23/Pages/1216AnnualRe-Evaluation.aspx,











File Not Found



https://chfs.ky.gov/chapter%2012/23/Pages/1217ResourceHomeReviews.aspx,











File Not Found



https://chfs.ky.gov/chapter%2012/23/Pages/1218SpecializedFosterCareServices.aspx,











File Not Found



https://chfs.ky.gov/chapter%2012/23/Pages/12181AdvancedResourceHomeApproval.aspx,











File Not Found



https://chfs.ky.gov/chapter%2012/23/Pages/12.18.2%20-%20Reserved%20for%20future%20use.aspx,











File Not Found



https://chfs.ky.gov/chapter%2012/23/Pages/12183MedicallyFragileHome.aspx,











File Not Found



https://chfs.ky.gov/chapter%2012/23/Pages/12185CarePlusResourceHome.aspx,











File Not Found



https://chfs.ky.gov/chapter%2012/23/Pages/1219ClosureofaResourceHomeandReopening.aspx,











File Not Found



https://chfs.ky.gov/chapter%2012/23/Pages/1220111-AResourceHomeContractSupplement.aspx,











File Not Found



https://chfs.ky.gov/chapter%2012/23/Pages/12-21-Emergency-Preparedness.aspx,











File Not Found



https://chfs.ky.gov/chapter%2012/23/Pages/1221through1223-NotYetUtilized.aspx,











File Not Found



https://chfs.ky.gov/chapter%2012/24/Pages/home.aspx,











File Not Found



https://chfs.ky.gov/chapter%2012/24/Pages/1224PerDiemRates(Including%20Specialized%20Foster%20Care).aspx,











File Not Found



https://chfs.ky.gov/chapter%2012/24/Pages/1225ClothingExpenses.aspx,











File Not Found



https://chfs.ky.gov/chapter%2012/24/Pages/1226MedicalExpenses.aspx,











File Not Found



https://chfs.ky.gov/chapter%2012/24/Pages/1227TransportationExpenses.aspx,











File Not Found



https://chfs.ky.gov/chapter%2012/24/Pages/1228RespiteExpenses.aspx,











File Not Found



https://chfs.ky.gov/chapter%2012/24/Pages/1229OtherExpenses.aspx,











File Not Found



https://chfs.ky.gov/chapter%2012/24/Pages/1230SupplementalServicesExpenses.aspx,











File Not Found



https://chfs.ky.gov/chapter%2012/24/Pages/1231PropertyDamage.aspx,











File Not Found



https://chfs.ky.gov/chapter%2012/24/Pages/1232SpecialExpenseReimbursementforPCCorPCPAgency.aspx,











File Not Found



https://chfs.ky.gov/chapter%2012/24/Pages/1233.aspx,











File Not Found



https://chfs.ky.gov/chapter13/Pages/home.aspx,











File Not Found



https://chfs.ky.gov/chapter13/25/Pages/home.aspx,











File Not Found



https://chfs.ky.gov/chapter13/25/Pages/131IntroductiontoAdoptionServices.aspx,











File Not Found



https://chfs.ky.gov/chapter13/25/Pages/132ChildFreedforAdoptionProcedure.aspx,











File Not Found



https://chfs.ky.gov/chapter13/25/Pages/135-NotYetUtilized.aspx,











File Not Found



https://chfs.ky.gov/chapter13/25/Pages/133SwiftAdoption.aspx,











File Not Found



https://chfs.ky.gov/chapter13/25/Pages/134MatchinganAdoptiveFamilywithaWaitingChild.aspx,











File Not Found



https://chfs.ky.gov/chapter13/26/Pages/home.aspx,











File Not Found



https://chfs.ky.gov/chapter13/26/Pages/136PreparingtheChildforAdoption.aspx,











File Not Found



https://chfs.ky.gov/chapter13/26/Pages/137FosterParent'sandOtherCaregiversRoleinPreparingChildforAdoption.aspx,











File Not Found



https://chfs.ky.gov/chapter13/26/Pages/138GoodbyeVisit.aspx,











File Not Found



https://chfs.ky.gov/chapter13/26/Pages/139SiblingRelationshipDecisions.aspx,











File Not Found



https://chfs.ky.gov/chapter13/26/Pages/1310PreparingthePresentationSummaryPacket.aspx,











File Not Found



https://chfs.ky.gov/chapter13/26/Pages/13101UpdatingthePresentationSummary.aspx,











File Not Found



https://chfs.ky.gov/chapter13/26/Pages/1311through1312-NotYetUtilized.aspx,











File Not Found



https://chfs.ky.gov/chapter13/27/Pages/home.aspx,











File Not Found



https://chfs.ky.gov/chapter13/27/Pages/1313PlacementResources.aspx,











File Not Found



https://chfs.ky.gov/chapter13/27/Pages/13131DCBSFosterParentAdoption.aspx,











File Not Found



https://chfs.ky.gov/chapter13/27/Pages/13132PrivateChildPlacing(PCP)FosterParentAdoption.aspx,











File Not Found



https://chfs.ky.gov/chapter13/27/Pages/13133FosterParentAdoptionNotRecommended.aspx,











File Not Found



https://chfs.ky.gov/chapter13/27/Pages/13134EmployeeAdoptionorFormerEmployeeAdoption.aspx,











File Not Found



https://chfs.ky.gov/chapter13/27/Pages/1314ReferralofaChildtotheSpecialNeedsAdoptionProgram(SNAP).aspx,











File Not Found



https://chfs.ky.gov/chapter13/27/Pages/1315HospitalPlacement.aspx,











File Not Found



https://chfs.ky.gov/chapter13/27/Pages/1316ResourceHomePlacement.aspx,











File Not Found



https://chfs.ky.gov/chapter13/27/Pages/1317PlanningthePlacementPre-PlacementConference.aspx,











File Not Found



https://chfs.ky.gov/chapter13/27/Pages/1318Pre-PlacementVisits.aspx,











File Not Found



https://chfs.ky.gov/chapter13/27/Pages/1319MakingtheAdoptivePlacement.aspx,











File Not Found



https://chfs.ky.gov/chapter13/27/Pages/1320PostPlacementServices.aspx,











File Not Found



https://chfs.ky.gov/chapter13/27/Pages/13201WithdrawingtheAdoptiveReferral.aspx,











File Not Found



https://chfs.ky.gov/chapter13/27/Pages/1321AnnualPermanencyReviews.aspx,











File Not Found



https://chfs.ky.gov/chapter13/27/Pages/1322FTMPeriodicReviewforChildreninAdoptivePlacement.aspx,











File Not Found



https://chfs.ky.gov/chapter13/27/Pages/1323through1324-NotYetUtilized.aspx,











File Not Found



https://chfs.ky.gov/chapter13/28/Pages/home.aspx,











File Not Found



https://chfs.ky.gov/chapter13/28/Pages/1325PetitionforAdoption.aspx,











File Not Found



https://chfs.ky.gov/chapter13/28/Pages/1326AssistingtheAdoptiveFamily'sAttorneyinFinalizingtheAdoptionofaDCBSChild.aspx,











File Not Found



https://chfs.ky.gov/chapter13/28/Pages/1327CourtReport.aspx,











File Not Found



https://chfs.ky.gov/chapter13/28/Pages/1328AdoptionJudgment.aspx,











File Not Found



https://chfs.ky.gov/chapter13/28/Pages/1329SealingClosedAdoptionRecords.aspx,











File Not Found



https://chfs.ky.gov/chapter13/28/Pages/1330ConfidentialityofClosedAdoptionRecords.aspx,











File Not Found



https://chfs.ky.gov/chapter13/28/Pages/13301RequestingNon-IdentifyingInformationAboutBiologicalRelativesfromClosedAdoptionRecords.aspx,











File Not Found



https://chfs.ky.gov/chapter13/28/Pages/13302RequestforInspectionofAdoptionRecordsforIdentifyingInformationandContactwiththeBirthFamily.aspx,











File Not Found



https://chfs.ky.gov/chapter13/28/Pages/13303MutualRequestsfromPre-AdoptiveSiblings.aspx,











File Not Found



https://chfs.ky.gov/chapter13/28/Pages/13304RequestforInformationfromaBiologicalParent.aspx,











File Not Found



https://chfs.ky.gov/chapter13/28/Pages/13305UpdatingHealthInformation.aspx,











File Not Found



https://chfs.ky.gov/chapter13/28/Pages/1331through1333-NotYetUtilized.aspx,











File Not Found



https://chfs.ky.gov/chapter13/29/Pages/home.aspx,











File Not Found



https://chfs.ky.gov/chapter13/29/Pages/1334AdoptionDisruption.aspx,











File Not Found



https://chfs.ky.gov/chapter13/29/Pages/1335workingwiththeFamilyDuringDisruption.aspx,











File Not Found



https://chfs.ky.gov/chapter13/29/Pages/1336AlternativePlacementsWhenDisruptionBecomesthePlan.aspx,











File Not Found



https://chfs.ky.gov/chapter13/29/Pages/1337through138-NotYetUtilized.aspx,











File Not Found



https://chfs.ky.gov/chapter13/30/Pages/home.aspx,











File Not Found



https://chfs.ky.gov/chapter13/30/Pages/1339AdoptionAssistance.aspx,











File Not Found



https://chfs.ky.gov/chapter13/30/Pages/1340ApprovalofAdoptionAssistance.aspx,











File Not Found



https://chfs.ky.gov/chapter13/30/Pages/1341DenialofAdoptionAssistance.aspx,











File Not Found



https://chfs.ky.gov/chapter13/30/Pages/1342AnnualContactwiththeAdoptiveFamily.aspx,











File Not Found



https://chfs.ky.gov/chapter13/30/Pages/1343AdoptionAssistanceRenegotiation.aspx,











File Not Found



https://chfs.ky.gov/chapter13/30/Pages/1344DiscontinuanceofAdoptionAssistance.aspx,











File Not Found



https://chfs.ky.gov/chapter13/30/Pages/1345PostFinalizationAdoptionAssistanceRequests.aspx,











File Not Found



https://chfs.ky.gov/chapter13/30/Pages/13451StateFundedPostFinalizationAdoptionAssistanceRequest.aspx,











File Not Found



https://chfs.ky.gov/chapter13/30/Pages/13452FederalTitleIV-EPostAdoptionFinalizationAdoptionAssistanceRequest.aspx,











File Not Found



https://chfs.ky.gov/chapter13/30/Pages/13453PostAdoptivePlacementStabilizationServices(PAPSS).aspx,











File Not Found



https://chfs.ky.gov/chapter13/30/Pages/13454PostAdoptionChildSupport.aspx,











File Not Found



https://chfs.ky.gov/chapter13/30/Pages/1346ContinuationofAdoptionAssistanceAfterAge18.aspx,











File Not Found



https://chfs.ky.gov/chapter13/30/Pages/13461ContinuationofTitleIV-EAdoptionAssistanceAfterAge18.aspx,











File Not Found



https://chfs.ky.gov/chapter13/30/Pages/1347through1349-NotYetUtilized.aspx,











File Not Found



https://chfs.ky.gov/chapter13/31/Pages/home.aspx,











File Not Found



https://chfs.ky.gov/chapter13/31/Pages/1350RelativeandNon-RelativeIndependentAdoptions.aspx,











File Not Found



https://chfs.ky.gov/chapter13/31/Pages/1351ObtainingRelativeHealthHistories.aspx,











File Not Found



https://chfs.ky.gov/chapter13/31/Pages/1352IndependentAdoptionApplication.aspx,











File Not Found



https://chfs.ky.gov/chapter19/Pages/home.aspx,











File Not Found



https://chfs.ky.gov/chapter19/Pages/191APSIntroduction.aspx,











File Not Found



https://chfs.ky.gov/chapter19/Pages/192ReceivingtheReport.aspx,











File Not Found



https://chfs.ky.gov/chapter19/Pages/193AcceptanceCriteria.aspx,











File Not Found



https://chfs.ky.gov/chapter19/Pages/1931AdultPhysicalorSexualAbuse.aspx,











File Not Found



https://chfs.ky.gov/chapter19/Pages/1939DeathofanAdultasaResultofAdultAbuseNeglectorSpousePartnerAbuse.aspx,











File Not Found



https://chfs.ky.gov/chapter19/Pages/19310Investigations.aspx,











File Not Found



https://chfs.ky.gov/chapter19/Pages/194CompletionoftheDPP-115ReportingForm.aspx,











File Not Found



https://chfs.ky.gov/chapter19/Pages/195CriteriaforReportsthatareNotAccepted.aspx,











File Not Found



https://chfs.ky.gov/chapter20/Pages/home.aspx,











File Not Found



https://chfs.ky.gov/chapter20/Pages/201IntroductiontoAPSInvestigationandAssessment.aspx,











File Not Found



https://chfs.ky.gov/chapter20/Pages/202GeneralInterviewingGuidelines.aspx,











File Not Found



https://chfs.ky.gov/chapter20/Pages/203FailuretoGainEntry.aspx,











File Not Found



https://chfs.ky.gov/chapter20/Pages/204AdultFatalityInvestigationandReview.aspx,











File Not Found



https://chfs.ky.gov/chapter20/Pages/205InvestigationsinStateOperatedFacilities.aspx,











File Not Found



https://chfs.ky.gov/chapter20/Pages/206InvestigationsinAlternateCareFacilities.aspx,











File Not Found



https://chfs.ky.gov/chapter20/Pages/207InvestigationsinaLicensedHealthCareFacility.aspx,











File Not Found



https://chfs.ky.gov/chapter20/Pages/208InvestigationsInvolvingtheDepartmentforAgingandIndependentLiving(DAIL)DivisionofGuardianshipEmployees.aspx,











File Not Found



https://chfs.ky.gov/chapter20/Pages/209DeterminingtheFindingsofanAdultAbuseNeglectExploitationInvestigation.aspx,











File Not Found



https://chfs.ky.gov/chapter20/Pages/2010DeterminingtheFindingsofanAlternateCareInvestigation.aspx,











File Not Found



https://chfs.ky.gov/chapter20/Pages/2011CompletionandDistributionoftheNotificationofProtectiveServicesandInvestigativeFindingsReportForm.aspx,











File Not Found



https://chfs.ky.gov/chapter20/Pages/2012ConductingInitialandSemi-AnnualAssessmentofFamilyCareHomesandPersonalCareHomes.aspx,











File Not Found



https://chfs.ky.gov/chapter23/Pages/home.aspx,











File Not Found



https://chfs.ky.gov/chapter23/Pages/231OngoingCasePlanning.aspx,











File Not Found



https://chfs.ky.gov/chapter23/Pages/232PreventionPlanning.aspx,











File Not Found



https://chfs.ky.gov/chapter23/Pages/233IndividualizedAdultSafetyPlanningUtilizingthePreventionPlan.aspx,











File Not Found



https://chfs.ky.gov/chapter23/Pages/234AdultPersonalDevelopmentPlan.aspx,











File Not Found



https://chfs.ky.gov/chapter24/Pages/home.aspx,











File Not Found



https://chfs.ky.gov/chapter24/Pages/241AlternateCarePlacement.aspx,











File Not Found



https://chfs.ky.gov/chapter24/Pages/242AlternateCareFacilityClosure.aspx,











File Not Found



https://chfs.ky.gov/chapter%2025/Pages/home.aspx,











File Not Found



https://chfs.ky.gov/chapter%2025/Pages/251IntroductiontoAPSCourt.aspx,











File Not Found



https://chfs.ky.gov/chapter%2025/Pages/252InvoluntaryProtectiveServices.aspx,











File Not Found



https://chfs.ky.gov/chapter%2025/Pages/253AdultGuardianshipConservatorship.aspx,











File Not Found



https://chfs.ky.gov/chapter%2025/Pages/254MentalHealthHospitalization.aspx,











File Not Found



https://chfs.ky.gov/chapter%2025/Pages/255ReferralsforCivilProtectiveOrders(KRSChapter403).aspx,











File Not Found



https://chfs.ky.gov/chapter%2025/Pages/256EnforcementofForeignProtectiveOrders.aspx,











File Not Found



https://chfs.ky.gov/chapter26/Pages/home.aspx,











File Not Found



https://chfs.ky.gov/chapter26/Pages/261APSCaseClosureAftercare.aspx,











File Not Found



https://chfs.ky.gov/chapter27/Pages/home.aspx,











File Not Found



https://chfs.ky.gov/chapter27/Pages/271IntroductiontoGeneralAdultServices.aspx,











File Not Found



https://chfs.ky.gov/chapter27/Pages/272IntakeandAcceptanceCriteria.aspx,











File Not Found



https://chfs.ky.gov/chapter27/Pages/273Assessment,DocumentationandTimeframes.aspx,











File Not Found



https://chfs.ky.gov/chapter27/Pages/274CasePlanning.aspx,











File Not Found



https://chfs.ky.gov/chapter27/Pages/275OngoingServices.aspx,











File Not Found



https://chfs.ky.gov/chapter27/Pages/276CaseClosureandAftercarePlanning.aspx,











File Not Found



https://chfs.ky.gov/chapter31/Pages/home.aspx,











File Not Found



https://chfs.ky.gov/chapter31/Pages/311TitleIV-EDetermination.aspx,











File Not Found



https://chfs.ky.gov/chapter31/Pages/312TitleIV-EEligibilityandReimbursability.aspx,











File Not Found



https://chfs.ky.gov/chapter31/Pages/31-2-1InHomeandPreventionServiceIVEclaiming.aspx,











File Not Found



https://chfs.ky.gov/chapter31/Pages/313RequiredIV-EJudicialDetermination.aspx,











File Not Found



https://chfs.ky.gov/chapter31/Pages/314ReimbursabilityandAnnualRedeterminationUnderTitleIV-EFosterCare.aspx,











File Not Found



https://chfs.ky.gov/chapter31/Pages/315LegalResponsibility.aspx,











File Not Found



https://chfs.ky.gov/chapter31/Pages/316ReasonableEffortsinDeterminingTitleIV-EEligibility.aspx,











File Not Found



https://chfs.ky.gov/chapter31/Pages/317BestInterestDeterminationforaVoluntaryCommitmentAgreement.aspx,











File Not Found



https://chfs.ky.gov/chapter31/Pages/318.aspx,











File Not Found



https://chfs.ky.gov/chapter31/Pages/318ConcurrentReceiptofTitleIV-EandSSI.aspx,











File Not Found



https://chfs.ky.gov/chapter31/Pages/319ChildSupportandTitleIV-E.aspx,











File Not Found



https://chfs.ky.gov/chapter31/Pages/3110TitleIV-EAdoptionAssistance.aspx,











File Not Found



https://chfs.ky.gov/chapter31/Pages/3111SSIBenefitsDuringaTrialHomeVisitation.aspx,











File Not Found



https://chfs.ky.gov/chapter31/Pages/3113RandomMomentTimeStudyforInHomeServiceProvisionandTitleIV-EAdministrativeCosts.aspx,











File Not Found



https://chfs.ky.gov/agencies/os/omb/irb/Pages/default.aspx,











File Not Found



http://prdweb.chfs.ky.gov/GenLogEX/Detail.aspx?TK=100&amp;Item=0,
http://prdweb.chfs.ky.gov/GenLogEX/Detail.aspx?TK=101&amp;Item=0,
https://chfs.ky.gov/csws/General/ParentInformation.aspx,











File Not Found



https://chfs.ky.gov/csws/General/EmployerInformation.aspx,











File Not Found



https://chfs.ky.gov/csws/participant/,











File Not Found



https://chfs.ky.gov/csws/General/Application/AppStart.aspx,











File Not Found



https://chfs.ky.gov/csws/General/FindOffice.aspx,











File Not Found



https://chfs.ky.gov/csws/General/EstimateDisclaimer.aspx,











File Not Found



http://kog.chfs.ky.gov/public/contact/,
http://prdweb.chfs.ky.gov/GenLogEX/Detail.aspx?TK=4&amp;ITEM=0,
http://kog.chfs.ky.gov/account/SignAgreement.aspx,
https://chfs.ky.gov/agencies/dms/dpqo/dcmb/Pages/epsdt-special-services.aspx,











File Not Found



https://chfs.ky.gov/agencies/dms/dpo/bpb/Pages/cahps.aspx,











File Not Found



https://chfs.ky.gov/agencies/dph/dmch/ecdb/Pages/first-steps.aspx,











File Not Found



http://apps.chfs.ky.gov/office_phone/,
https://chfs.ky.gov/agencies/dms/dca/Pages/mws.aspx,











File Not Found



http://prdweb.chfs.ky.gov/GenLogEX/Detail.aspx?TK=96&amp;Item=0,
http://prdweb.chfs.ky.gov/GenLogEX/Detail.aspx?TK=97&amp;Item=0,
http://prdweb.chfs.ky.gov/GenLogEX/Detail.aspx?TK=98&amp;Item=0,
http://public.chfs.ky.gov/sites/DPH/deph/phpb/default.aspx,
https://chfs.ky.gov/agencies/dph/dafm/lhob/Pages/civilrights.aspx,











File Not Found



https://chfs.ky.gov/dph/diseases/std.htm,











File Not Found



https://chfs.ky.gov/dph/epi/tb.htm,











File Not Found



https://chfs.ky.gov/dph/epi/HIVAIDS,











File Not Found



https://chfs.ky.gov/dph/epi/rd5yr.htm,











File Not Found



https://chfs.ky.gov/dph/info/lhd/rd10yr.htm,











File Not Found



https://chfs.ky.gov/dph/epi/reportablediseases.htm,











File Not Found



https://chfs.ky.gov/dms/hi/Asthma.htm,











File Not Found



https://chfs.ky.gov/dph/info/dpqi/cd/COPD.htm,











File Not Found



https://chfs.ky.gov/dms/hi/Heart+Failure.htm,











File Not Found



https://chfs.ky.gov/dms/hi/Diabetes.htm,











File Not Found



https://chfs.ky.gov/dms/hi/Obesity.htm,











File Not Found



https://chfs.ky.gov/dms/hi/Breast+Cancer+Screening.htm,











File Not Found



https://chfs.ky.gov/dms/hi/Cervical+Cancer+Screening.htm,











File Not Found



https://chfs.ky.gov/dms/hi/Colorectal+(Colon)+Cancer.htm,











File Not Found



https://chfs.ky.gov/dms/hi/Coronary+Artery+Disease.htm,











File Not Found



https://chfs.ky.gov/dms/hi/Lung+Cancer.htm,











File Not Found



https://chfs.ky.gov/dms/hi/Minority+Health.htm,











File Not Found



https://chfs.ky.gov/dms/hi/Osteoporosis.htm,











File Not Found



https://chfs.ky.gov/dms/hi/Ovarian+Cancer.htm,











File Not Found



https://chfs.ky.gov/dms/hi/Prostate+Cancer+Screening.htm,











File Not Found



https://chfs.ky.gov/dms/hi/Stroke.htm,











File Not Found



https://chfs.ky.gov/dms/hi/mental+health.htm,











File Not Found



https://chfs.ky.gov/dms/hi/substance+abuse.htm,











File Not Found



https://chfs.ky.gov/dph/mch/ns/wic.htm,











File Not Found



https://chfs.ky.gov/dms/TobaccoCessation.htm,











File Not Found



https://chfs.ky.gov/dph/epi/HIVAIDS/default.htm,











File Not Found



https://chfs.ky.gov/dph/diseases/anthrax.htm,











File Not Found



https://chfs.ky.gov/dph/epi/arboviral.htm,











File Not Found



https://chfs.ky.gov/dph/info/dpqi/cd/Asthma.htm,











File Not Found



https://chfs.ky.gov/dph/diseases/botulism.htm,











File Not Found



https://chfs.ky.gov/dph/diseases/brucella.htm,











File Not Found



https://chfs.ky.gov/dph/Campylobacteriosis.htm,











File Not Found



https://chfs.ky.gov/dph/info/dwh/cancerscreening.htm,











File Not Found



https://chfs.ky.gov/dph/info/dpqi/cd/Heart+Disease+and+Stroke+Prevention.htm,











File Not Found



https://chfs.ky.gov/dph/info/dpqi/cd/default.htm,











File Not Found



https://chfs.ky.gov/dph/ColonCancer.htm,











File Not Found



https://chfs.ky.gov/dph/epi/default.htm,











File Not Found



https://chfs.ky.gov/dph/oralhealth.htm,











File Not Found



https://chfs.ky.gov/dph/info/dpqi/cd/diabetes.htm,











File Not Found



https://chfs.ky.gov/dph/diseases/e-coli.htm,











File Not Found



https://chfs.ky.gov/dph/Ehrlichiosis.htm,











File Not Found



https://chfs.ky.gov/dph/Group+A+Streptococcal+Disease+(GAS).htm,











File Not Found



https://chfs.ky.gov/dph/Lice.htm,











File Not Found



https://chfs.ky.gov/dph/diseases/hemochromatosis/,











File Not Found



https://chfs.ky.gov/ccshcn/cchsnchematology.htm,











File Not Found



https://chfs.ky.gov/dph/hepatitis.htm,











File Not Found



https://chfs.ky.gov/dph/diseases/Hepatitis+B.htm,











File Not Found



https://chfs.ky.gov/dph/diseases/Hepatitis+C.htm,











File Not Found



https://chfs.ky.gov/dph/histo.htm,











File Not Found



https://chfs.ky.gov/dph/epi/Influenza.htm,











File Not Found



https://chfs.ky.gov/dph/mch/cvd.htm,











File Not Found



https://chfs.ky.gov/dph/Legionellosis.htm,











File Not Found



https://chfs.ky.gov/dph/Listeriosis.htm,











File Not Found



https://chfs.ky.gov/dph/epi/tickborne.htm,











File Not Found



https://chfs.ky.gov/dph/Malaria.htm,











File Not Found



https://chfs.ky.gov/dph/diseases/meningococcal.htm,











File Not Found



https://chfs.ky.gov/dph/info/dpqi/cd/adultpreventive.htm,











File Not Found



https://chfs.ky.gov/dbhdid,











File Not Found



https://chfs.ky.gov/dph/MRSA.htm,











File Not Found



https://chfs.ky.gov/dph/epi/Norovirus.htm,











File Not Found



https://chfs.ky.gov/dph/diseases/qfever.htm,











File Not Found



https://chfs.ky.gov/dph/diseases/plague.htm,











File Not Found



https://chfs.ky.gov/dph/info/dwh/teenpregnancy.htm,











File Not Found



https://chfs.ky.gov/NR/exeres/9B631DF4-486A-46B0-80C7-2725194BA1C3.htm,











File Not Found



https://chfs.ky.gov/dph/Psittacosis.htm,











File Not Found



https://chfs.ky.gov/dph/epi/rabies.htm,











File Not Found



https://chfs.ky.gov/dph/Salmonellosis.htm,











File Not Found



https://chfs.ky.gov/dph/scabies.htm,











File Not Found



https://chfs.ky.gov/dph/diseases/sar.htm,











File Not Found



https://chfs.ky.gov/dph/Shigellosis.htm,











File Not Found



https://chfs.ky.gov/dph/diseases/smallpox.htm,











File Not Found



https://chfs.ky.gov/dph/Pneumoniae.htm,











File Not Found



https://chfs.ky.gov/dph/epi/Ticks.htm,











File Not Found



https://chfs.ky.gov/dph/Toxoplasmosis.htm,











File Not Found



https://chfs.ky.gov/dph/Tularemia.htm,











File Not Found



https://chfs.ky.gov/dph/vre.htm,











File Not Found



https://chfs.ky.gov/dph/epi/westnile.htm,











File Not Found



https://chfs.ky.gov/dph/radioactive.htm,











File Not Found



https://chfs.ky.gov/dph/rpmp.htm,











File Not Found



http://prdweb.chfs.ky.gov/rad_epay/Default.aspx,
https://chfs.ky.gov/dcbs/dpp/eaa,











File Not Found



https://chfs.ky.gov/dph/epi/HIVAIDS/KHPAC.htm,











File Not Found



https://chfs.ky.gov/dph/info/dpqi/cd/Kentucky+BRFSS+Data+Reports.htm,











File Not Found



http://prdweb.chfs.ky.gov/CONOnline/,
https://chfs.ky.gov/dph/immunizations.htm,











File Not Found



https://chfs.ky.gov/NR/exeres/A9DF3CB5-9BFE-45F4-AFD0-8600BDC64513,frameless.htm?NRMODE=Unpublished&amp;WBCMODE=AuthoringReedit,











File Not Found



https://chfs.ky.gov/agencies/dph/dehp/vsb/Documents,401 UNAUTHORIZED
https://chfs.ky.gov/agencies/dms/provider/Pages/providerenroll.aspx,401 UNAUTHORIZED
https://chfs.ky.gov/Pages/KyCaresStudents.aspx,401 UNAUTHORIZED
https://chfs.ky.gov/Pages/KyCaresParentsCaregivers.aspx,401 UNAUTHORIZED
https://chfs.ky.gov/Pages/KyCaresEducatorsMentors.aspx,401 UNAUTHORIZED
https://chfs.ky.gov/dph/info/dpqi/cd/sharefest.htm,











File Not Found



https://chfs.ky.gov/BRFSS.htm,











File Not Found



http://apps.chfs.ky.gov/office_phone/office_phone_list.asp,
https://chfs.ky.gov/os/oig/Open+Records+Request.htm,











File Not Found



https://chfs.ky.gov/agencies/dms/dmps/psb/Pages/prov-letters.aspx,











File Not Found



https://chfs.ky.gov/dph/CCSG.htm,











File Not Found



https://chfs.ky.gov/dph/CCSG_Forms.htm,











File Not Found



https://chfs.ky.gov/dph/mch/hp/tobaccoLinks.htm,











File Not Found



http://kennect.chfs.ky.gov/viewerportal/vmc/video.do?eventId=2052,
http://kennect.chfs.ky.gov/viewerportal/vmc/video.do?eventId=2049,
http://kennect.chfs.ky.gov/viewerportal/vmc/video.do?eventId=2053,
https://chfs.ky.gov/dph/mch/hp/tobacco.htm,











File Not Found



https://chfs.ky.gov/dph/epi/HIVAIDS/prevention.htm,











File Not Found



https://chfs.ky.gov/dph/epi/HIVAIDS/services.htm,











File Not Found



https://chfs.ky.gov/agencies/dph/dafm/lhpb/Pages/inactive-job-classifications.aspx,











File Not Found



https://chfs.ky.gov/agencies/dcbs/dfs/Pages/defapt.aspx,











File Not Found



https://chfs.ky.gov/agencies/dfrcvs/dfrysc/Pages/defapt.aspx,











File Not Found



https://chfs.ky.gov/dail/HartSupportedLiving.htm,











File Not Found



https://chfs.ky.gov/agencies/dms/MAPForms,401 UNAUTHORIZED
https://chfs.ky.gov/agencies/dph/dehp/phpb/Documents/KOIN_Flash_File.swf,











File Not Found



https://chfs.ky.gov/agencies/dph/dehp/phpb/Documents/KOIN_Spanish.swf,











File Not Found



https://chfs.ky.gov/agencies/dph/dehp/phpb/Documents/KOIN_Closed_Video.swf,











File Not Found



https://chfs.ky.gov/about/default.htm,











File Not Found



https://chfs.ky.gov/contact/,











File Not Found



https://chfs.ky.gov/forms/default.htm,











File Not Found



https://chfs.ky.gov/KYDiabetesResources/Default.aspx,











File Not Found



https://chfs.ky.gov/KYDiabetesResources/Search.aspx,











File Not Found



https://chfs.ky.gov/KYDiabetesResources/Descriptions.aspx,











File Not Found



https://chfs.ky.gov/KYDiabetesResources/Links.aspx,











File Not Found



https://chfs.ky.gov/KYDiabetesResources/Contact.aspx,











File Not Found



https://chfs.ky.gov/KYDiabetesResources/DataEntry.aspx?Ser=0,











File Not Found



https://chfs.ky.gov/KYDiabetesResources/DataEntrySearch.aspx,











File Not Found



https://chfs.ky.gov/sitemap.htm,











File Not Found



https://chfs.ky.gov/business/Pages/default.aspx,











File Not Found



https://chfs.ky.gov/Education/Pages/default.aspx,











File Not Found



https://chfs.ky.gov/employment/Pages/default.aspx,











File Not Found



https://chfs.ky.gov/health/Pages/default.aspx,











File Not Found



https://chfs.ky.gov/government/Pages/default.aspx,











File Not Found



https://chfs.ky.gov/residents/Pages/default.aspx,











File Not Found



https://chfs.ky.gov/Tourism/Pages/default.aspx,











File Not Found



https://chfs.ky.gov/about/Pages/default.aspx,











File Not Found



https://chfs.ky.gov/government/Pages/agency.aspx,











File Not Found



https://chfs.ky.gov/Services/Pages/default.aspx,











File Not Found



https://chfs.ky.gov/register/Pages/default.aspx,











File Not Found



https://chfs.ky.gov/about/Pages/sitemap.aspx,











File Not Found



https://chfs.ky.gov/policies/Pages/security.aspx,











File Not Found



https://chfs.ky.gov/policies/Pages/default.aspx,











File Not Found



https://chfs.ky.gov/policies/Pages/disclaimer.aspx,











File Not Found



https://chfs.ky.gov/policies/Pages/accessibility.aspx,











File Not Found



https://chfs.ky.gov/agencies/dms/dmps/psb/Pages/icd10.aspx,











File Not Found



https://chfs.ky.gov/agencies/dms/DMSFeeRateSchedules,401 UNAUTHORIZED
http://prdweb.chfs.ky.gov/Office_Phone/index.aspx,
